{
    "model type": "LSTM",
    "model name": "月_LSTM_2022Y-10M-25D_01H_18m_27s_300ep_6ws_8bs_adam_part.h5",
    "data them": "月",
    "train mode": "part",
    "train time": "2022Y-10M-25D_01H_18m_27s",
    "windows_size": 6,
    "epoch": 300,
    "dropout": 0.1,
    "l1": 0.1,
    "l2": 0.01,
    "epochs": 300,
    "batch size": 8,
    "optimizer": "adam",
    "r2 score on train": 0.23986919292362285,
    "explained variance score on train": 0.2453764782825404,
    "avg huber loss on train": 31.554190598282158,
    "min huber loss on train": 17.93466567993164,
    "max huber loss on train": 403.53973388671875,
    "avg huber val_loss on validation": 23.204874524883195,
    "min huber val_loss on validation": 13.106368064880371,
    "max huber val_loss on validation": 392.4537048339844,
    "huber loss on test": 25.649036407470703,
    "r2 score on test": 0.08899293432342992,
    "\"explained variance score on test": 0.11668764579399471
}